{"epoch":1250,"gradients/bn2.weight":{"_type":"histogram","values":[1,0,0,0,0,0,0,0,0,0,0,0,0,0,0,0,0,0,0,1,1,0,0,0,0,0,0,0,0,0,1,0,1,1,1,0,2,1,1,2,1,2,1,0,2,4,0,4,0,1,0,0,2,0,0,0,0,0,0,1,0,0,0,1],"bins":[-1402.1275634765625,-1367.7537841796875,-1333.3798828125,-1299.006103515625,-1264.6322021484375,-1230.2584228515625,-1195.8846435546875,-1161.5107421875,-1127.136962890625,-1092.7630615234375,-1058.3892822265625,-1024.0155029296875,-989.6416015625,-955.2677612304688,-920.8939819335938,-886.5201416015625,-852.1463012695312,-817.7724609375,-783.3986206054688,-749.0248413085938,-714.6510009765625,-680.2771606445312,-645.9033203125,-611.5294799804688,-577.1556396484375,-542.7818603515625,-508.40802001953125,-474.0341796875,-439.66033935546875,-405.2865295410156,-370.9126892089844,-336.53887939453125,-302.16497802734375,-267.7911376953125,-233.41732788085938,-199.04348754882812,-164.66966247558594,-130.29583740234375,-95.92200469970703,-61.54817581176758,-27.174346923828125,7.199481964111328,41.57331085205078,75.9471435546875,110.32096862792969,144.69479370117188,179.06863403320312,213.4424591064453,247.8162841796875,282.19012451171875,316.5639343261719,350.9377746582031,385.31158447265625,419.6854248046875,454.05926513671875,488.4330749511719,522.806884765625,557.1807250976562,591.5545654296875,625.9284057617188,660.30224609375,694.6760864257812,729.0498657226562,763.4237060546875,797.7975463867188]},"val_accuracy":0.6,"gradients/bn3.weight":{"bins":[-241.19580078125,-233.07540893554688,-224.95501708984375,-216.8346405029297,-208.71424865722656,-200.59385681152344,-192.4734649658203,-184.3530731201172,-176.23269653320312,-168.1123046875,-159.99191284179688,-151.87152099609375,-143.75112915039062,-135.6307373046875,-127.5103530883789,-119.38996887207031,-111.26957702636719,-103.14918518066406,-95.02880096435547,-86.90840911865234,-78.78802490234375,-70.66763305664062,-62.5472412109375,-54.42685317993164,-46.30646514892578,-38.18607711791992,-30.06568717956543,-21.945297241210938,-13.824909210205078,-5.704520225524902,2.4158687591552734,10.53625774383545,18.656646728515625,26.777034759521484,34.897422790527344,43.01781463623047,51.13820266723633,59.25859069824219,67.37898254394531,75.4993667602539,83.61975860595703,91.74015045166016,99.86053466796875,107.98092651367188,116.101318359375,124.2217025756836,132.3420867919922,140.4624786376953,148.58287048339844,156.70326232910156,164.8236541748047,172.94403076171875,181.06442260742188,189.184814453125,197.30520629882812,205.42559814453125,213.54598999023438,221.66636657714844,229.78675842285156,237.9071502685547,246.0275421142578,254.14793395996094,262.268310546875,270.3887023925781,278.50909423828125],"_type":"histogram","values":[2,0,0,0,1,1,1,0,0,2,2,4,0,1,0,4,0,0,4,1,2,0,0,1,0,0,4,5,1,1,5,1,0,4,1,0,0,0,1,0,0,1,0,0,1,0,1,0,2,1,0,0,1,1,0,1,0,0,0,0,3,1,0,2]},"gradients/fc2.weight":{"_type":"histogram","values":[1,0,0,0,0,0,0,0,0,0,0,0,0,0,0,0,1,0,0,0,1,1,0,6,1,2,5,59,2,7,2,3,1,4,5,4,0,2,0,2,0,2,2,0,1,1,2,1,1,0,1,2,0,0,2,1,2,0,0,0,0,0,0,1],"bins":[-933.5,-898.9921875,-864.484375,-829.9765625,-795.46875,-760.9609375,-726.453125,-691.9453125,-657.4375,-622.9296875,-588.421875,-553.9140625,-519.40625,-484.8984375,-450.390625,-415.8828125,-381.375,-346.8671875,-312.359375,-277.8515625,-243.34375,-208.8359375,-174.328125,-139.8203125,-105.3125,-70.8046875,-36.296875,-1.7890625,32.71875,67.2265625,101.734375,136.2421875,170.75,205.2578125,239.765625,274.2734375,308.78125,343.2890625,377.796875,412.3046875,446.8125,481.3203125,515.828125,550.3359375,584.84375,619.3515625,653.859375,688.3671875,722.875,757.3828125,791.890625,826.3984375,860.90625,895.4140625,929.921875,964.4296875,998.9375,1033.4453125,1067.953125,1102.4609375,1136.96875,1171.4765625,1205.984375,1240.4921875,1275]},"_runtime":87689.252252474,"gradients/fc1.bias":{"bins":[-105.625,-102.9677734375,-100.310546875,-97.6533203125,-94.99609375,-92.3388671875,-89.681640625,-87.0244140625,-84.3671875,-81.7099609375,-79.052734375,-76.3955078125,-73.73828125,-71.0810546875,-68.423828125,-65.7666015625,-63.109375,-60.4521484375,-57.794921875,-55.1376953125,-52.48046875,-49.8232421875,-47.166015625,-44.5087890625,-41.8515625,-39.1943359375,-36.537109375,-33.8798828125,-31.22265625,-28.5654296875,-25.908203125,-23.2509765625,-20.59375,-17.9365234375,-15.279296875,-12.6220703125,-9.96484375,-7.3076171875,-4.650390625,-1.9931640625,0.6640625,3.3212890625,5.978515625,8.6357421875,11.29296875,13.9501953125,16.607421875,19.2646484375,21.921875,24.5791015625,27.236328125,29.8935546875,32.55078125,35.2080078125,37.865234375,40.5224609375,43.1796875,45.8369140625,48.494140625,51.1513671875,53.80859375,56.4658203125,59.123046875,61.7802734375,64.4375],"_type":"histogram","values":[1,0,0,0,0,0,0,0,1,0,0,0,0,0,0,0,0,0,0,0,0,0,3,1,0,0,1,0,1,2,0,3,2,2,4,1,5,7,8,57,5,4,1,3,2,0,0,4,1,0,0,1,2,0,0,1,0,1,1,0,1,0,1,1]},"gradients/conv1.bias":{"_type":"histogram","values":[1,0,0,0,0,0,0,0,0,0,0,0,0,0,0,0,0,0,0,0,0,0,0,0,0,0,0,0,0,0,0,0,1,0,0,0,0,1,0,1,0,0,1,2,0,1,2,1,2,0,2,0,0,0,0,0,0,0,0,0,0,0,0,1],"bins":[-0.0008578300476074219,-0.0008394494652748108,-0.0008210688829421997,-0.0008026883006095886,-0.0007843077182769775,-0.0007659271359443665,-0.0007475465536117554,-0.0007291659712791443,-0.0007107853889465332,-0.0006924048066139221,-0.000674024224281311,-0.0006556436419487,-0.0006372630596160889,-0.0006188824772834778,-0.0006005018949508667,-0.0005821213126182556,-0.0005637407302856445,-0.0005453601479530334,-0.0005269795656204224,-0.0005085989832878113,-0.0004902184009552002,-0.0004718378186225891,-0.00045345723628997803,-0.00043507665395736694,-0.00041669607162475586,-0.0003983154892921448,-0.0003799349069595337,-0.0003615543246269226,-0.0003431737422943115,-0.00032479315996170044,-0.00030641257762908936,-0.00028803199529647827,-0.0002696514129638672,-0.0002512708306312561,-0.00023289024829864502,-0.00021450966596603394,-0.00019612908363342285,-0.00017774850130081177,-0.00015936791896820068,-0.0001409873366355896,-0.00012260675430297852,-0.00010422617197036743,-8.584558963775635e-05,-6.746500730514526e-05,-4.908442497253418e-05,-3.0703842639923096e-05,-1.2323260307312012e-05,6.057322025299072e-06,2.4437904357910156e-05,4.281848669052124e-05,6.119906902313232e-05,7.957965135574341e-05,9.796023368835449e-05,0.00011634081602096558,0.00013472139835357666,0.00015310198068618774,0.00017148256301879883,0.0001898631453514099,0.000208243727684021,0.00022662431001663208,0.00024500489234924316,0.00026338547468185425,0.00028176605701446533,0.0003001466393470764,0.0003185272216796875]},"train_loss":0.6322628855705261,"gradients/conv3.weight":{"values":[1,0,1,0,1,0,0,1,2,2,1,0,3,2,16,10,20,17,26,39,56,58,93,133,138,165,213,270,376,489,619,782,988,1374,1813,3272,2761,1472,887,560,372,300,233,186,157,125,94,76,61,40,24,31,13,13,12,7,4,5,8,5,2,1,0,2],"bins":[-432,-419.9375,-407.875,-395.8125,-383.75,-371.6875,-359.625,-347.5625,-335.5,-323.4375,-311.375,-299.3125,-287.25,-275.1875,-263.125,-251.0625,-239,-226.9375,-214.875,-202.8125,-190.75,-178.6875,-166.625,-154.5625,-142.5,-130.4375,-118.375,-106.3125,-94.25,-82.1875,-70.125,-58.0625,-46,-33.9375,-21.875,-9.8125,2.25,14.3125,26.375,38.4375,50.5,62.5625,74.625,86.6875,98.75,110.8125,122.875,134.9375,147,159.0625,171.125,183.1875,195.25,207.3125,219.375,231.4375,243.5,255.5625,267.625,279.6875,291.75,303.8125,315.875,327.9375,340],"_type":"histogram"},"gradients/conv2.weight":{"values":[1,0,2,0,0,0,0,0,1,1,0,3,3,8,7,17,13,27,41,21,33,50,52,69,81,92,132,142,219,269,358,484,517,391,289,227,217,140,94,97,65,88,56,42,30,41,42,37,23,16,8,18,8,3,6,7,4,5,2,1,0,4,2,2],